{"Erewhon": [[3406.4615384615386, 4245.615384615385], "No listings around this location", [3530.5, 4653.5], [2815.1, 3618.85], [2378.4666666666667, 4028.6], "No listings around this location", [4112.5, 5660.0], "No listings around this location", [4112.5, 5660.0], [2609.655172413793, 3879.7586206896553], [2768.0, 3159.0], [3427.2, 4531.4]], "Whole Foods": [[2483.0434782608695, 3751.217391304348], [2389.8571428571427, 3891.095238095238], [2815.1, 3618.85], [3190.0, 4670.0], [3882.3333333333335, 4911.0], [3010.35, 3930.85], [4091.6666666666665, 5173.333333333333]], "Trader Joe's": [[2750.1052631578946, 3588.2631578947367], [2815.1, 3618.85], [2982.9523809523807, 3872.714285714286], [2815.1, 3618.85], [3010.35, 3930.85], [2542.035714285714, 3837.1428571428573], [2864.0526315789475, 3684.5789473684213], [2492.913043478261, 3984.5652173913045], [3423.181818181818, 4498.636363636364], [3010.35, 3930.85], [3882.3333333333335, 4911.0]], "Ralphs": [[2389.8571428571427, 3891.095238095238], [2651.483870967742, 3915.6774193548385], [2492.913043478261, 3984.5652173913045], [2651.483870967742, 3915.6774193548385], [2542.035714285714, 3837.1428571428573], [2723.2758620689656, 3896.3793103448274]], "Food 4 Less": [[2389.8571428571427, 3891.095238095238], [2378.4666666666667, 4028.6], [2658.7, 3955.866666666667], [2495.3333333333335, 4434.083333333333], [2658.7, 3955.866666666667], [2703.5806451612902, 3963.7419354838707], [2389.8571428571427, 3891.095238095238], [2306.5, 4113.0], [2424.0, 4185.25], [2412.5, 4198.75], "No listings around this location"]}